{
    "objectsData": [
        {
            "objectName": "Электрофильтр",
            "position": {
                "x": 190.32122802734376,
                "y": 92.64999389648438,
                "z": 0.085205078125
            },
            "rotation": {
                "x": 0.0,
                "y": 0.0,
                "z": 0.0,
                "w": 1.0
            },
            "scale": {
                "x": 1.0,
                "y": 1.0,
                "z": 1.0
            }
        },
        {
            "objectName": "Oven",
            "position": {
                "x": -19.18121337890625,
                "y": -2.350006103515625,
                "z": 80.3204345703125
            },
            "rotation": {
                "x": 0.0,
                "y": -1.0,
                "z": 0.0,
                "w": 0.0
            },
            "scale": {
                "x": 1.0,
                "y": 1.0,
                "z": 1.0
            }
        },
        {
            "objectName": "Катализатор",
            "position": {
                "x": 299.44305419921877,
                "y": 94.64999389648438,
                "z": 162.73834228515626
            },
            "rotation": {
                "x": 0.0,
                "y": 0.0,
                "z": 0.0,
                "w": 1.0
            },
            "scale": {
                "x": 1.0,
                "y": 1.0,
                "z": 1.0
            }
        }
    ]
}